Features,K,Score
"('avg_age', 'avg_crash_severity_score', 'combined_weather_road_severity', 'fatality_rate', 'speeding_influence', 'damage_cost_LB', 'pct_neo_patented_drivers')",2,0.502052683871164
"('avg_age', 'avg_crash_severity_score', 'avg_lighting_severity', 'combined_weather_road_severity', 'fatality_rate', 'speeding_influence', 'damage_cost_LB')",3,0.18370631472448304
"('avg_age', 'avg_crash_severity_score', 'combined_weather_road_severity', 'fatality_rate', 'speeding_influence', 'damage_cost_LB', 'pct_neo_patented_drivers')",7,0.17373628515425615
"('avg_age', 'avg_crash_severity_score', 'avg_lighting_severity', 'combined_weather_road_severity', 'fatality_rate', 'speeding_influence', 'weekend_crash_rate')",2,0.17179487608599872
"('avg_age', 'avg_crash_severity_score', 'avg_lighting_severity', 'combined_weather_road_severity', 'fatality_rate', 'speeding_influence', 'pct_neo_patented_drivers')",2,0.17154529226680038
"('avg_crash_severity_score', 'avg_lighting_severity', 'combined_weather_road_severity', 'fatality_rate', 'speeding_influence', 'damage_cost_LB', 'weekend_crash_rate')",2,0.17056268662059634
"('avg_crash_severity_score', 'avg_lighting_severity', 'combined_weather_road_severity', 'fatality_rate', 'speeding_influence', 'weekend_crash_rate', 'pct_neo_patented_drivers')",2,0.17041583246422404
"('avg_age', 'avg_lighting_severity', 'combined_weather_road_severity', 'fatality_rate', 'speeding_influence', 'damage_cost_LB', 'pct_neo_patented_drivers')",6,0.1691077429960533
"('avg_age', 'avg_lighting_severity', 'combined_weather_road_severity', 'fatality_rate', 'speeding_influence', 'weekend_crash_rate', 'pct_neo_patented_drivers')",2,0.16842603998293704
"('avg_age', 'avg_crash_severity_score', 'avg_lighting_severity', 'combined_weather_road_severity', 'fatality_rate', 'speeding_influence', 'damage_cost_LB')",2,0.16821099941876838
"('avg_age', 'avg_crash_severity_score', 'avg_lighting_severity', 'combined_weather_road_severity', 'fatality_rate', 'weekend_crash_rate', 'pct_neo_patented_drivers')",2,0.16805235005163657
"('avg_age', 'combined_weather_road_severity', 'fatality_rate', 'speeding_influence', 'damage_cost_LB', 'weekend_crash_rate', 'pct_neo_patented_drivers')",7,0.16777748201407713
"('avg_age', 'combined_weather_road_severity', 'fatality_rate', 'speeding_influence', 'damage_cost_LB', 'weekend_crash_rate', 'pct_neo_patented_drivers')",6,0.16683004542528274
"('avg_age', 'avg_crash_severity_score', 'avg_lighting_severity', 'combined_weather_road_severity', 'fatality_rate', 'damage_cost_LB', 'pct_neo_patented_drivers')",6,0.16663198057268136
"('avg_crash_severity_score', 'avg_lighting_severity', 'combined_weather_road_severity', 'fatality_rate', 'speeding_influence', 'damage_cost_LB', 'pct_neo_patented_drivers')",2,0.16617342926151388
"('avg_age', 'combined_weather_road_severity', 'fatality_rate', 'speeding_influence', 'damage_cost_LB', 'weekend_crash_rate', 'pct_neo_patented_drivers')",8,0.16611469430835346
"('avg_crash_severity_score', 'combined_weather_road_severity', 'fatality_rate', 'speeding_influence', 'damage_cost_LB', 'weekend_crash_rate', 'pct_neo_patented_drivers')",8,0.16547079258612718
"('avg_crash_severity_score', 'avg_lighting_severity', 'combined_weather_road_severity', 'fatality_rate', 'speeding_influence', 'damage_cost_LB', 'weekend_crash_rate')",7,0.16516541053443912
"('avg_age', 'avg_crash_severity_score', 'combined_weather_road_severity', 'fatality_rate', 'damage_cost_LB', 'weekend_crash_rate', 'pct_neo_patented_drivers')",7,0.16509505905242003
"('avg_age', 'avg_crash_severity_score', 'avg_lighting_severity', 'combined_weather_road_severity', 'fatality_rate', 'damage_cost_LB', 'pct_neo_patented_drivers')",2,0.16506265090546823
"('avg_age', 'avg_lighting_severity', 'combined_weather_road_severity', 'fatality_rate', 'speeding_influence', 'damage_cost_LB', 'weekend_crash_rate')",2,0.165014562055153
"('avg_age', 'avg_crash_severity_score', 'avg_lighting_severity', 'combined_weather_road_severity', 'fatality_rate', 'damage_cost_LB', 'weekend_crash_rate')",2,0.1639493593193249
"('avg_age', 'avg_crash_severity_score', 'combined_weather_road_severity', 'fatality_rate', 'damage_cost_LB', 'weekend_crash_rate', 'pct_neo_patented_drivers')",6,0.16387112134218293
"('avg_age', 'avg_lighting_severity', 'combined_weather_road_severity', 'fatality_rate', 'speeding_influence', 'damage_cost_LB', 'pct_neo_patented_drivers')",2,0.16378004081463174
"('avg_crash_severity_score', 'avg_lighting_severity', 'combined_weather_road_severity', 'fatality_rate', 'speeding_influence', 'damage_cost_LB', 'weekend_crash_rate')",8,0.163526677492687
"('avg_crash_severity_score', 'avg_lighting_severity', 'combined_weather_road_severity', 'fatality_rate', 'speeding_influence', 'damage_cost_LB', 'pct_neo_patented_drivers')",8,0.16346543489333726
"('avg_crash_severity_score', 'avg_lighting_severity', 'combined_weather_road_severity', 'fatality_rate', 'damage_cost_LB', 'weekend_crash_rate', 'pct_neo_patented_drivers')",2,0.16284340778718007
"('avg_lighting_severity', 'combined_weather_road_severity', 'fatality_rate', 'speeding_influence', 'damage_cost_LB', 'weekend_crash_rate', 'pct_neo_patented_drivers')",7,0.16274624854169611
"('avg_age', 'avg_lighting_severity', 'combined_weather_road_severity', 'fatality_rate', 'damage_cost_LB', 'weekend_crash_rate', 'pct_neo_patented_drivers')",2,0.1626914936603487
"('avg_age', 'avg_crash_severity_score', 'combined_weather_road_severity', 'fatality_rate', 'speeding_influence', 'damage_cost_LB', 'weekend_crash_rate')",7,0.1626052273676537
"('avg_age', 'avg_crash_severity_score', 'combined_weather_road_severity', 'fatality_rate', 'speeding_influence', 'damage_cost_LB', 'weekend_crash_rate')",8,0.16244812610491507
"('avg_age', 'avg_lighting_severity', 'combined_weather_road_severity', 'fatality_rate', 'damage_cost_LB', 'weekend_crash_rate', 'pct_neo_patented_drivers')",6,0.1623682852600338
"('avg_crash_severity_score', 'avg_lighting_severity', 'combined_weather_road_severity', 'fatality_rate', 'speeding_influence', 'damage_cost_LB', 'weekend_crash_rate')",9,0.1620158405078441
"('avg_age', 'avg_crash_severity_score', 'combined_weather_road_severity', 'fatality_rate', 'speeding_influence', 'damage_cost_LB', 'pct_neo_patented_drivers')",6,0.16190577783925228
"('avg_lighting_severity', 'combined_weather_road_severity', 'fatality_rate', 'speeding_influence', 'damage_cost_LB', 'weekend_crash_rate', 'pct_neo_patented_drivers')",2,0.16181080697871658
"('avg_age', 'combined_weather_road_severity', 'fatality_rate', 'speeding_influence', 'damage_cost_LB', 'weekend_crash_rate', 'pct_neo_patented_drivers')",5,0.16173262477124067
"('avg_age', 'avg_crash_severity_score', 'avg_lighting_severity', 'combined_weather_road_severity', 'fatality_rate', 'speeding_influence', 'damage_cost_LB')",7,0.1617139271947728
"('avg_lighting_severity', 'combined_weather_road_severity', 'fatality_rate', 'speeding_influence', 'damage_cost_LB', 'weekend_crash_rate', 'pct_neo_patented_drivers')",8,0.1614997686719922
"('avg_crash_severity_score', 'avg_lighting_severity', 'combined_weather_road_severity', 'fatality_rate', 'speeding_influence', 'damage_cost_LB', 'pct_neo_patented_drivers')",6,0.16094642720226066
"('avg_age', 'avg_crash_severity_score', 'combined_weather_road_severity', 'fatality_rate', 'speeding_influence', 'damage_cost_LB', 'pct_neo_patented_drivers')",8,0.16033872244183675
"('avg_age', 'avg_crash_severity_score', 'avg_lighting_severity', 'combined_weather_road_severity', 'fatality_rate', 'speeding_influence', 'damage_cost_LB')",8,0.16007101327853887
"('avg_age', 'avg_crash_severity_score', 'avg_lighting_severity', 'combined_weather_road_severity', 'fatality_rate', 'speeding_influence', 'pct_neo_patented_drivers')",6,0.1600280158248714
"('avg_age', 'avg_lighting_severity', 'combined_weather_road_severity', 'fatality_rate', 'damage_cost_LB', 'weekend_crash_rate', 'pct_neo_patented_drivers')",7,0.15979737297555593
"('avg_age', 'avg_lighting_severity', 'combined_weather_road_severity', 'fatality_rate', 'speeding_influence', 'damage_cost_LB', 'weekend_crash_rate')",6,0.159651506934718
"('avg_crash_severity_score', 'combined_weather_road_severity', 'fatality_rate', 'speeding_influence', 'damage_cost_LB', 'weekend_crash_rate', 'pct_neo_patented_drivers')",6,0.15959501138775248
"('avg_lighting_severity', 'combined_weather_road_severity', 'fatality_rate', 'speeding_influence', 'damage_cost_LB', 'weekend_crash_rate', 'pct_neo_patented_drivers')",6,0.15957077076657206
"('avg_age', 'avg_crash_severity_score', 'fatality_rate', 'speeding_influence', 'damage_cost_LB', 'weekend_crash_rate', 'pct_neo_patented_drivers')",7,0.1595176665822123
"('avg_age', 'avg_lighting_severity', 'combined_weather_road_severity', 'fatality_rate', 'damage_cost_LB', 'weekend_crash_rate', 'pct_neo_patented_drivers')",5,0.15949129847937957
"('avg_age', 'avg_crash_severity_score', 'avg_lighting_severity', 'combined_weather_road_severity', 'fatality_rate', 'damage_cost_LB', 'pct_neo_patented_drivers')",5,0.1594883301205632
"('avg_crash_severity_score', 'avg_lighting_severity', 'combined_weather_road_severity', 'fatality_rate', 'damage_cost_LB', 'weekend_crash_rate', 'pct_neo_patented_drivers')",7,0.15933127113717307
"('avg_lighting_severity', 'combined_weather_road_severity', 'fatality_rate', 'speeding_influence', 'damage_cost_LB', 'weekend_crash_rate', 'pct_neo_patented_drivers')",9,0.15898989356896515
"('avg_crash_severity_score', 'avg_lighting_severity', 'combined_weather_road_severity', 'fatality_rate', 'speeding_influence', 'damage_cost_LB', 'pct_neo_patented_drivers')",7,0.15868851495802583
"('avg_age', 'avg_crash_severity_score', 'avg_lighting_severity', 'combined_weather_road_severity', 'speeding_influence', 'weekend_crash_rate', 'pct_neo_patented_drivers')",2,0.15866069827225993
"('avg_age', 'avg_crash_severity_score', 'avg_lighting_severity', 'combined_weather_road_severity', 'fatality_rate', 'damage_cost_LB', 'weekend_crash_rate')",6,0.15834919353151014
"('avg_age', 'avg_crash_severity_score', 'avg_lighting_severity', 'combined_weather_road_severity', 'fatality_rate', 'speeding_influence', 'damage_cost_LB')",9,0.15782139900289632
"('avg_crash_severity_score', 'combined_weather_road_severity', 'fatality_rate', 'speeding_influence', 'damage_cost_LB', 'weekend_crash_rate', 'pct_neo_patented_drivers')",7,0.1576225744538328
"('avg_crash_severity_score', 'avg_lighting_severity', 'combined_weather_road_severity', 'fatality_rate', 'damage_cost_LB', 'weekend_crash_rate', 'pct_neo_patented_drivers')",8,0.15744719592237133
"('avg_crash_severity_score', 'avg_lighting_severity', 'combined_weather_road_severity', 'fatality_rate', 'speeding_influence', 'damage_cost_LB', 'weekend_crash_rate')",6,0.15737009422170517
"('avg_age', 'combined_weather_road_severity', 'fatality_rate', 'speeding_influence', 'damage_cost_LB', 'weekend_crash_rate', 'pct_neo_patented_drivers')",9,0.15717469763390418
"('avg_age', 'avg_crash_severity_score', 'combined_weather_road_severity', 'fatality_rate', 'speeding_influence', 'damage_cost_LB', 'pct_neo_patented_drivers')",5,0.1570516449027379
"('avg_age', 'avg_lighting_severity', 'combined_weather_road_severity', 'fatality_rate', 'speeding_influence', 'damage_cost_LB', 'pct_neo_patented_drivers')",5,0.1570236610550103
"('avg_crash_severity_score', 'avg_lighting_severity', 'combined_weather_road_severity', 'fatality_rate', 'damage_cost_LB', 'weekend_crash_rate', 'pct_neo_patented_drivers')",6,0.15648045988222542
"('avg_age', 'avg_crash_severity_score', 'avg_lighting_severity', 'combined_weather_road_severity', 'fatality_rate', 'speeding_influence', 'pct_neo_patented_drivers')",7,0.15643916857171417
"('avg_age', 'avg_lighting_severity', 'combined_weather_road_severity', 'fatality_rate', 'speeding_influence', 'damage_cost_LB', 'weekend_crash_rate')",8,0.15635065560319314
"('avg_age', 'avg_crash_severity_score', 'avg_lighting_severity', 'combined_weather_road_severity', 'fatality_rate', 'speeding_influence', 'pct_neo_patented_drivers')",5,0.1562564389544761
"('avg_crash_severity_score', 'avg_lighting_severity', 'combined_weather_road_severity', 'speeding_influence', 'damage_cost_LB', 'weekend_crash_rate', 'pct_neo_patented_drivers')",2,0.15620182362864923
"('avg_age', 'avg_crash_severity_score', 'combined_weather_road_severity', 'fatality_rate', 'speeding_influence', 'damage_cost_LB', 'weekend_crash_rate')",9,0.15608808599145232
"('avg_age', 'avg_crash_severity_score', 'avg_lighting_severity', 'fatality_rate', 'speeding_influence', 'damage_cost_LB', 'pct_neo_patented_drivers')",7,0.15581606150992397
"('avg_age', 'avg_lighting_severity', 'combined_weather_road_severity', 'fatality_rate', 'speeding_influence', 'damage_cost_LB', 'weekend_crash_rate')",7,0.15575346248545063
"('avg_age', 'avg_lighting_severity', 'combined_weather_road_severity', 'fatality_rate', 'speeding_influence', 'weekend_crash_rate', 'pct_neo_patented_drivers')",6,0.15566013820324026
"('avg_age', 'avg_crash_severity_score', 'avg_lighting_severity', 'combined_weather_road_severity', 'speeding_influence', 'damage_cost_LB', 'pct_neo_patented_drivers')",2,0.15555583711096843
"('avg_age', 'avg_crash_severity_score', 'combined_weather_road_severity', 'fatality_rate', 'damage_cost_LB', 'weekend_crash_rate', 'pct_neo_patented_drivers')",8,0.15516072448346882
"('avg_age', 'avg_lighting_severity', 'combined_weather_road_severity', 'fatality_rate', 'speeding_influence', 'damage_cost_LB', 'weekend_crash_rate')",9,0.15512952430067045
"('avg_crash_severity_score', 'avg_lighting_severity', 'combined_weather_road_severity', 'fatality_rate', 'speeding_influence', 'damage_cost_LB', 'weekend_crash_rate')",5,0.15495718705732806
"('avg_age', 'avg_crash_severity_score', 'avg_lighting_severity', 'combined_weather_road_severity', 'fatality_rate', 'damage_cost_LB', 'weekend_crash_rate')",7,0.15478855117487855
"('avg_age', 'avg_crash_severity_score', 'combined_weather_road_severity', 'fatality_rate', 'speeding_influence', 'damage_cost_LB', 'pct_neo_patented_drivers')",9,0.1547777541943063
"('avg_age', 'avg_lighting_severity', 'fatality_rate', 'speeding_influence', 'damage_cost_LB', 'weekend_crash_rate', 'pct_neo_patented_drivers')",7,0.15476632365117154
"('avg_age', 'avg_crash_severity_score', 'avg_lighting_severity', 'combined_weather_road_severity', 'speeding_influence', 'damage_cost_LB', 'weekend_crash_rate')",2,0.15435841658969607
"('avg_age', 'avg_crash_severity_score', 'combined_weather_road_severity', 'fatality_rate', 'speeding_influence', 'damage_cost_LB', 'weekend_crash_rate')",6,0.15430989112177107
"('avg_age', 'avg_lighting_severity', 'combined_weather_road_severity', 'fatality_rate', 'speeding_influence', 'damage_cost_LB', 'pct_neo_patented_drivers')",8,0.15422181444745778
"('avg_age', 'avg_crash_severity_score', 'combined_weather_road_severity', 'fatality_rate', 'speeding_influence', 'weekend_crash_rate', 'pct_neo_patented_drivers')",7,0.15413096382368816
"('avg_age', 'avg_crash_severity_score', 'avg_lighting_severity', 'combined_weather_road_severity', 'fatality_rate', 'speeding_influence', 'damage_cost_LB')",5,0.15409238536283573
"('avg_crash_severity_score', 'avg_lighting_severity', 'combined_weather_road_severity', 'fatality_rate', 'speeding_influence', 'damage_cost_LB', 'weekend_crash_rate')",10,0.15405781202027902
"('avg_age', 'avg_crash_severity_score', 'avg_lighting_severity', 'combined_weather_road_severity', 'damage_cost_LB', 'weekend_crash_rate', 'pct_neo_patented_drivers')",2,0.15386828602836003
"('avg_age', 'avg_crash_severity_score', 'avg_lighting_severity', 'combined_weather_road_severity', 'fatality_rate', 'speeding_influence', 'damage_cost_LB')",4,0.15372321087891413
"('avg_age', 'avg_lighting_severity', 'fatality_rate', 'speeding_influence', 'damage_cost_LB', 'weekend_crash_rate', 'pct_neo_patented_drivers')",6,0.15360806480853909
"('avg_age', 'avg_crash_severity_score', 'fatality_rate', 'speeding_influence', 'damage_cost_LB', 'weekend_crash_rate', 'pct_neo_patented_drivers')",6,0.15353037844321507
"('avg_age', 'avg_crash_severity_score', 'avg_lighting_severity', 'combined_weather_road_severity', 'fatality_rate', 'speeding_influence', 'damage_cost_LB')",10,0.15342161540103308
"('avg_age', 'avg_lighting_severity', 'combined_weather_road_severity', 'speeding_influence', 'damage_cost_LB', 'weekend_crash_rate', 'pct_neo_patented_drivers')",2,0.1533657255669157
"('avg_age', 'avg_crash_severity_score', 'avg_lighting_severity', 'combined_weather_road_severity', 'fatality_rate', 'damage_cost_LB', 'weekend_crash_rate')",8,0.1533292699953403
"('avg_age', 'avg_lighting_severity', 'combined_weather_road_severity', 'fatality_rate', 'speeding_influence', 'weekend_crash_rate', 'pct_neo_patented_drivers')",7,0.15308491805128066
"('avg_age', 'avg_crash_severity_score', 'combined_weather_road_severity', 'fatality_rate', 'speeding_influence', 'damage_cost_LB', 'pct_neo_patented_drivers')",4,0.15298588519897002
"('avg_crash_severity_score', 'avg_lighting_severity', 'fatality_rate', 'speeding_influence', 'damage_cost_LB', 'weekend_crash_rate', 'pct_neo_patented_drivers')",8,0.15292618041920875
"('avg_age', 'avg_crash_severity_score', 'avg_lighting_severity', 'combined_weather_road_severity', 'fatality_rate', 'speeding_influence', 'damage_cost_LB')",6,0.15275583715402075
"('avg_crash_severity_score', 'combined_weather_road_severity', 'fatality_rate', 'speeding_influence', 'damage_cost_LB', 'weekend_crash_rate', 'pct_neo_patented_drivers')",5,0.15265895725602413
"('avg_age', 'avg_lighting_severity', 'combined_weather_road_severity', 'fatality_rate', 'speeding_influence', 'damage_cost_LB', 'pct_neo_patented_drivers')",7,0.15246581695908368
"('avg_age', 'avg_crash_severity_score', 'avg_lighting_severity', 'combined_weather_road_severity', 'fatality_rate', 'speeding_influence', 'weekend_crash_rate')",6,0.1523965554910575
"('avg_crash_severity_score', 'avg_lighting_severity', 'combined_weather_road_severity', 'fatality_rate', 'speeding_influence', 'damage_cost_LB', 'pct_neo_patented_drivers')",9,0.15234808518231355
"('avg_age', 'combined_weather_road_severity', 'fatality_rate', 'speeding_influence', 'damage_cost_LB', 'weekend_crash_rate', 'pct_neo_patented_drivers')",10,0.15228319274579205
"('avg_age', 'avg_crash_severity_score', 'fatality_rate', 'speeding_influence', 'damage_cost_LB', 'weekend_crash_rate', 'pct_neo_patented_drivers')",8,0.1522642091414408
"('avg_age', 'avg_crash_severity_score', 'avg_lighting_severity', 'combined_weather_road_severity', 'fatality_rate', 'damage_cost_LB', 'weekend_crash_rate')",9,0.15225637285883536
"('avg_lighting_severity', 'combined_weather_road_severity', 'fatality_rate', 'speeding_influence', 'damage_cost_LB', 'weekend_crash_rate', 'pct_neo_patented_drivers')",5,0.15224553773310998
"('avg_age', 'avg_crash_severity_score', 'fatality_rate', 'speeding_influence', 'damage_cost_LB', 'weekend_crash_rate', 'pct_neo_patented_drivers')",5,0.15180895819506848
"('avg_crash_severity_score', 'avg_lighting_severity', 'combined_weather_road_severity', 'fatality_rate', 'speeding_influence', 'damage_cost_LB', 'pct_neo_patented_drivers')",3,0.1516986045274067
"('avg_crash_severity_score', 'avg_lighting_severity', 'fatality_rate', 'speeding_influence', 'damage_cost_LB', 'weekend_crash_rate', 'pct_neo_patented_drivers')",7,0.15154528809271064
"('avg_age', 'avg_crash_severity_score', 'avg_lighting_severity', 'fatality_rate', 'damage_cost_LB', 'weekend_crash_rate', 'pct_neo_patented_drivers')",6,0.1512488118188367
"('avg_age', 'avg_crash_severity_score', 'avg_lighting_severity', 'fatality_rate', 'speeding_influence', 'damage_cost_LB', 'pct_neo_patented_drivers')",5,0.1511788525745978
"('avg_age', 'avg_lighting_severity', 'combined_weather_road_severity', 'fatality_rate', 'speeding_influence', 'weekend_crash_rate', 'pct_neo_patented_drivers')",4,0.15111174970475724
"('avg_crash_severity_score', 'avg_lighting_severity', 'combined_weather_road_severity', 'fatality_rate', 'speeding_influence', 'weekend_crash_rate', 'pct_neo_patented_drivers')",7,0.15074012081838328
"('avg_age', 'avg_crash_severity_score', 'combined_weather_road_severity', 'fatality_rate', 'damage_cost_LB', 'weekend_crash_rate', 'pct_neo_patented_drivers')",9,0.1506330085387602
"('avg_age', 'avg_crash_severity_score', 'avg_lighting_severity', 'combined_weather_road_severity', 'fatality_rate', 'damage_cost_LB', 'pct_neo_patented_drivers')",8,0.15049632708069144
"('avg_crash_severity_score', 'avg_lighting_severity', 'combined_weather_road_severity', 'fatality_rate', 'damage_cost_LB', 'weekend_crash_rate', 'pct_neo_patented_drivers')",9,0.1504160304173812
"('avg_age', 'avg_crash_severity_score', 'avg_lighting_severity', 'combined_weather_road_severity', 'fatality_rate', 'weekend_crash_rate', 'pct_neo_patented_drivers')",4,0.15040857426733265
"('avg_age', 'avg_crash_severity_score', 'avg_lighting_severity', 'combined_weather_road_severity', 'fatality_rate', 'damage_cost_LB', 'pct_neo_patented_drivers')",7,0.15037772411088648
"('avg_age', 'avg_crash_severity_score', 'combined_weather_road_severity', 'fatality_rate', 'speeding_influence', 'damage_cost_LB', 'weekend_crash_rate')",10,0.1502064272069197
"('avg_age', 'avg_lighting_severity', 'combined_weather_road_severity', 'fatality_rate', 'damage_cost_LB', 'weekend_crash_rate', 'pct_neo_patented_drivers')",8,0.14996052826315992
"('avg_age', 'avg_crash_severity_score', 'avg_lighting_severity', 'combined_weather_road_severity', 'fatality_rate', 'weekend_crash_rate', 'pct_neo_patented_drivers')",6,0.1498364225070167
"('avg_age', 'avg_crash_severity_score', 'avg_lighting_severity', 'combined_weather_road_severity', 'fatality_rate', 'damage_cost_LB', 'weekend_crash_rate')",5,0.14975763140015816
"('avg_crash_severity_score', 'avg_lighting_severity', 'combined_weather_road_severity', 'fatality_rate', 'speeding_influence', 'weekend_crash_rate', 'pct_neo_patented_drivers')",8,0.149634924364769
"('avg_age', 'avg_crash_severity_score', 'combined_weather_road_severity', 'fatality_rate', 'damage_cost_LB', 'weekend_crash_rate', 'pct_neo_patented_drivers')",10,0.14948221424545954
"('avg_age', 'avg_crash_severity_score', 'combined_weather_road_severity', 'fatality_rate', 'speeding_influence', 'weekend_crash_rate', 'pct_neo_patented_drivers')",4,0.14938433181358565
"('avg_age', 'avg_crash_severity_score', 'avg_lighting_severity', 'fatality_rate', 'speeding_influence', 'damage_cost_LB', 'pct_neo_patented_drivers')",6,0.14935682609647677
"('avg_age', 'avg_crash_severity_score', 'avg_lighting_severity', 'fatality_rate', 'damage_cost_LB', 'weekend_crash_rate', 'pct_neo_patented_drivers')",7,0.14933156851341287
"('avg_age', 'avg_lighting_severity', 'combined_weather_road_severity', 'fatality_rate', 'speeding_influence', 'damage_cost_LB', 'weekend_crash_rate')",10,0.14911683106008672
"('avg_age', 'avg_crash_severity_score', 'avg_lighting_severity', 'fatality_rate', 'speeding_influence', 'damage_cost_LB', 'weekend_crash_rate')",7,0.14887237400767453
"('avg_age', 'avg_crash_severity_score', 'avg_lighting_severity', 'fatality_rate', 'speeding_influence', 'damage_cost_LB', 'pct_neo_patented_drivers')",8,0.1488411338335685
"('avg_age', 'avg_crash_severity_score', 'avg_lighting_severity', 'combined_weather_road_severity', 'fatality_rate', 'speeding_influence', 'pct_neo_patented_drivers')",4,0.14879512095880226
"('avg_age', 'avg_crash_severity_score', 'avg_lighting_severity', 'fatality_rate', 'speeding_influence', 'damage_cost_LB', 'weekend_crash_rate')",8,0.14872021181597564
"('avg_crash_severity_score', 'avg_lighting_severity', 'combined_weather_road_severity', 'fatality_rate', 'speeding_influence', 'damage_cost_LB', 'pct_neo_patented_drivers')",10,0.14865506981277468
"('avg_crash_severity_score', 'avg_lighting_severity', 'combined_weather_road_severity', 'fatality_rate', 'speeding_influence', 'weekend_crash_rate', 'pct_neo_patented_drivers')",6,0.14840361451665363
"('avg_age', 'combined_weather_road_severity', 'fatality_rate', 'speeding_influence', 'damage_cost_LB', 'weekend_crash_rate', 'pct_neo_patented_drivers')",4,0.14832635806864394
"('avg_age', 'avg_crash_severity_score', 'avg_lighting_severity', 'fatality_rate', 'speeding_influence', 'damage_cost_LB', 'weekend_crash_rate')",6,0.14805040078140363
"('avg_crash_severity_score', 'avg_lighting_severity', 'combined_weather_road_severity', 'fatality_rate', 'speeding_influence', 'damage_cost_LB', 'weekend_crash_rate')",4,0.14802331730110155
"('avg_crash_severity_score', 'avg_lighting_severity', 'fatality_rate', 'speeding_influence', 'damage_cost_LB', 'weekend_crash_rate', 'pct_neo_patented_drivers')",6,0.14799911190102435
"('avg_crash_severity_score', 'combined_weather_road_severity', 'fatality_rate', 'speeding_influence', 'damage_cost_LB', 'weekend_crash_rate', 'pct_neo_patented_drivers')",9,0.14799790338643853
"('avg_crash_severity_score', 'avg_lighting_severity', 'combined_weather_road_severity', 'fatality_rate', 'speeding_influence', 'damage_cost_LB', 'weekend_crash_rate')",3,0.14778229172394297
"('avg_age', 'avg_crash_severity_score', 'avg_lighting_severity', 'fatality_rate', 'damage_cost_LB', 'weekend_crash_rate', 'pct_neo_patented_drivers')",5,0.1476865893668145
"('avg_age', 'avg_crash_severity_score', 'combined_weather_road_severity', 'fatality_rate', 'speeding_influence', 'weekend_crash_rate', 'pct_neo_patented_drivers')",5,0.14754812569105832
"('avg_age', 'avg_lighting_severity', 'fatality_rate', 'speeding_influence', 'damage_cost_LB', 'weekend_crash_rate', 'pct_neo_patented_drivers')",5,0.14752348480576372
"('avg_age', 'avg_crash_severity_score', 'avg_lighting_severity', 'combined_weather_road_severity', 'fatality_rate', 'damage_cost_LB', 'weekend_crash_rate')",10,0.14730702884458585
"('avg_crash_severity_score', 'combined_weather_road_severity', 'fatality_rate', 'speeding_influence', 'damage_cost_LB', 'weekend_crash_rate', 'pct_neo_patented_drivers')",10,0.14722315818380974
"('avg_age', 'avg_crash_severity_score', 'combined_weather_road_severity', 'fatality_rate', 'speeding_influence', 'damage_cost_LB', 'pct_neo_patented_drivers')",3,0.14685398898497937
"('avg_age', 'avg_lighting_severity', 'combined_weather_road_severity', 'fatality_rate', 'speeding_influence', 'weekend_crash_rate', 'pct_neo_patented_drivers')",5,0.1468163092298136
"('avg_age', 'avg_crash_severity_score', 'avg_lighting_severity', 'combined_weather_road_severity', 'fatality_rate', 'damage_cost_LB', 'pct_neo_patented_drivers')",9,0.14681568874420442
"('avg_age', 'avg_lighting_severity', 'fatality_rate', 'speeding_influence', 'damage_cost_LB', 'weekend_crash_rate', 'pct_neo_patented_drivers')",8,0.14647648308124286
"('avg_age', 'avg_crash_severity_score', 'avg_lighting_severity', 'combined_weather_road_severity', 'fatality_rate', 'weekend_crash_rate', 'pct_neo_patented_drivers')",5,0.14630573844580344
"('avg_age', 'avg_crash_severity_score', 'avg_lighting_severity', 'combined_weather_road_severity', 'fatality_rate', 'weekend_crash_rate', 'pct_neo_patented_drivers')",7,0.14625599663822933
"('avg_age', 'avg_crash_severity_score', 'combined_weather_road_severity', 'fatality_rate', 'damage_cost_LB', 'weekend_crash_rate', 'pct_neo_patented_drivers')",5,0.14618029715286812
"('avg_age', 'avg_crash_severity_score', 'fatality_rate', 'speeding_influence', 'damage_cost_LB', 'weekend_crash_rate', 'pct_neo_patented_drivers')",4,0.14598217848019487
"('avg_age', 'avg_crash_severity_score', 'combined_weather_road_severity', 'fatality_rate', 'damage_cost_LB', 'weekend_crash_rate', 'pct_neo_patented_drivers')",3,0.14590051478572194
"('avg_age', 'avg_crash_severity_score', 'fatality_rate', 'speeding_influence', 'damage_cost_LB', 'weekend_crash_rate', 'pct_neo_patented_drivers')",9,0.14580634217685282
"('avg_crash_severity_score', 'avg_lighting_severity', 'fatality_rate', 'speeding_influence', 'damage_cost_LB', 'weekend_crash_rate', 'pct_neo_patented_drivers')",9,0.145698724292297
"('avg_age', 'avg_lighting_severity', 'combined_weather_road_severity', 'fatality_rate', 'speeding_influence', 'damage_cost_LB', 'pct_neo_patented_drivers')",4,0.14556955618537396
"('avg_age', 'avg_crash_severity_score', 'avg_lighting_severity', 'combined_weather_road_severity', 'fatality_rate', 'damage_cost_LB', 'pct_neo_patented_drivers')",4,0.14441391812272097
"('avg_age', 'avg_lighting_severity', 'combined_weather_road_severity', 'fatality_rate', 'damage_cost_LB', 'weekend_crash_rate', 'pct_neo_patented_drivers')",4,0.1441717308069075
"('avg_age', 'avg_crash_severity_score', 'avg_lighting_severity', 'fatality_rate', 'damage_cost_LB', 'weekend_crash_rate', 'pct_neo_patented_drivers')",8,0.14380868440143538
"('avg_age', 'avg_crash_severity_score', 'avg_lighting_severity', 'combined_weather_road_severity', 'fatality_rate', 'speeding_influence', 'weekend_crash_rate')",4,0.14347220430416938
"('avg_age', 'avg_crash_severity_score', 'combined_weather_road_severity', 'fatality_rate', 'speeding_influence', 'damage_cost_LB', 'pct_neo_patented_drivers')",10,0.14324966096980002
"('avg_age', 'avg_crash_severity_score', 'avg_lighting_severity', 'combined_weather_road_severity', 'fatality_rate', 'speeding_influence', 'weekend_crash_rate')",5,0.14300793219969035
"('avg_age', 'avg_crash_severity_score', 'avg_lighting_severity', 'combined_weather_road_severity', 'fatality_rate', 'damage_cost_LB', 'weekend_crash_rate')",3,0.14294516437801225
"('avg_age', 'avg_lighting_severity', 'combined_weather_road_severity', 'fatality_rate', 'speeding_influence', 'weekend_crash_rate', 'pct_neo_patented_drivers')",8,0.14245203264450648
"('avg_crash_severity_score', 'avg_lighting_severity', 'combined_weather_road_severity', 'fatality_rate', 'speeding_influence', 'weekend_crash_rate', 'pct_neo_patented_drivers')",4,0.1423719756798822
"('avg_age', 'avg_crash_severity_score', 'avg_lighting_severity', 'fatality_rate', 'speeding_influence', 'weekend_crash_rate', 'pct_neo_patented_drivers')",5,0.14236091286997807
"('avg_crash_severity_score', 'avg_lighting_severity', 'combined_weather_road_severity', 'fatality_rate', 'speeding_influence', 'weekend_crash_rate', 'pct_neo_patented_drivers')",9,0.14204576120916318
"('avg_age', 'avg_crash_severity_score', 'avg_lighting_severity', 'fatality_rate', 'speeding_influence', 'damage_cost_LB', 'weekend_crash_rate')",9,0.14174416385922356
"('avg_age', 'avg_lighting_severity', 'fatality_rate', 'speeding_influence', 'damage_cost_LB', 'weekend_crash_rate', 'pct_neo_patented_drivers')",9,0.14171756336681174
"('avg_age', 'avg_crash_severity_score', 'avg_lighting_severity', 'combined_weather_road_severity', 'fatality_rate', 'speeding_influence', 'pct_neo_patented_drivers')",8,0.14167199198179997
"('avg_age', 'avg_crash_severity_score', 'avg_lighting_severity', 'combined_weather_road_severity', 'speeding_influence', 'damage_cost_LB', 'pct_neo_patented_drivers')",6,0.1415989197281796
"('avg_age', 'avg_crash_severity_score', 'fatality_rate', 'speeding_influence', 'damage_cost_LB', 'weekend_crash_rate', 'pct_neo_patented_drivers')",10,0.14119455445452228
"('avg_age', 'avg_crash_severity_score', 'combined_weather_road_severity', 'fatality_rate', 'damage_cost_LB', 'weekend_crash_rate', 'pct_neo_patented_drivers')",4,0.14109110225706242
"('avg_age', 'avg_lighting_severity', 'combined_weather_road_severity', 'fatality_rate', 'speeding_influence', 'weekend_crash_rate', 'pct_neo_patented_drivers')",9,0.14087511053087476
"('avg_crash_severity_score', 'avg_lighting_severity', 'fatality_rate', 'speeding_influence', 'damage_cost_LB', 'weekend_crash_rate', 'pct_neo_patented_drivers')",10,0.14076134270966412
"('avg_age', 'avg_crash_severity_score', 'avg_lighting_severity', 'fatality_rate', 'speeding_influence', 'weekend_crash_rate', 'pct_neo_patented_drivers')",6,0.14061739566247755
"('avg_age', 'avg_crash_severity_score', 'avg_lighting_severity', 'fatality_rate', 'speeding_influence', 'damage_cost_LB', 'pct_neo_patented_drivers')",9,0.14053087841049622
"('avg_age', 'avg_lighting_severity', 'combined_weather_road_severity', 'fatality_rate', 'speeding_influence', 'damage_cost_LB', 'pct_neo_patented_drivers')",9,0.14047383046296458
"('avg_age', 'avg_crash_severity_score', 'avg_lighting_severity', 'fatality_rate', 'damage_cost_LB', 'weekend_crash_rate', 'pct_neo_patented_drivers')",9,0.14024822894151634
"('avg_age', 'avg_crash_severity_score', 'avg_lighting_severity', 'fatality_rate', 'speeding_influence', 'weekend_crash_rate', 'pct_neo_patented_drivers')",7,0.14021605238840293
"('avg_age', 'avg_crash_severity_score', 'combined_weather_road_severity', 'fatality_rate', 'speeding_influence', 'weekend_crash_rate', 'pct_neo_patented_drivers')",6,0.13998802950670658
"('avg_age', 'avg_crash_severity_score', 'avg_lighting_severity', 'fatality_rate', 'damage_cost_LB', 'weekend_crash_rate', 'pct_neo_patented_drivers')",4,0.13998785059066768
"('avg_age', 'avg_crash_severity_score', 'avg_lighting_severity', 'combined_weather_road_severity', 'fatality_rate', 'speeding_influence', 'weekend_crash_rate')",8,0.1399077261914332
"('avg_age', 'avg_crash_severity_score', 'combined_weather_road_severity', 'fatality_rate', 'speeding_influence', 'weekend_crash_rate', 'pct_neo_patented_drivers')",8,0.13980853005704422
"('avg_age', 'avg_crash_severity_score', 'combined_weather_road_severity', 'speeding_influence', 'damage_cost_LB', 'weekend_crash_rate', 'pct_neo_patented_drivers')",7,0.13978383554846172
"('avg_age', 'avg_lighting_severity', 'combined_weather_road_severity', 'fatality_rate', 'speeding_influence', 'damage_cost_LB', 'weekend_crash_rate')",5,0.1393031243065317
"('avg_age', 'avg_crash_severity_score', 'combined_weather_road_severity', 'speeding_influence', 'damage_cost_LB', 'weekend_crash_rate', 'pct_neo_patented_drivers')",6,0.1391229454739859
"('avg_crash_severity_score', 'avg_lighting_severity', 'combined_weather_road_severity', 'fatality_rate', 'speeding_influence', 'weekend_crash_rate', 'pct_neo_patented_drivers')",3,0.1385262717849251
"('avg_age', 'avg_crash_severity_score', 'avg_lighting_severity', 'combined_weather_road_severity', 'fatality_rate', 'speeding_influence', 'weekend_crash_rate')",7,0.13826024200497047
"('avg_age', 'avg_crash_severity_score', 'combined_weather_road_severity', 'fatality_rate', 'speeding_influence', 'weekend_crash_rate', 'pct_neo_patented_drivers')",9,0.13823888843786797
"('avg_age', 'avg_lighting_severity', 'combined_weather_road_severity', 'speeding_influence', 'damage_cost_LB', 'weekend_crash_rate', 'pct_neo_patented_drivers')",6,0.13815974607068368
"('avg_age', 'avg_crash_severity_score', 'avg_lighting_severity', 'fatality_rate', 'damage_cost_LB', 'weekend_crash_rate', 'pct_neo_patented_drivers')",10,0.13808912470386497
"('avg_age', 'avg_lighting_severity', 'combined_weather_road_severity', 'fatality_rate', 'speeding_influence', 'weekend_crash_rate', 'pct_neo_patented_drivers')",3,0.1379855345591236
"('avg_age', 'avg_crash_severity_score', 'avg_lighting_severity', 'combined_weather_road_severity', 'fatality_rate', 'speeding_influence', 'weekend_crash_rate')",3,0.1378581524922037
"('avg_age', 'avg_lighting_severity', 'fatality_rate', 'speeding_influence', 'damage_cost_LB', 'weekend_crash_rate', 'pct_neo_patented_drivers')",10,0.13745767156925479
"('avg_crash_severity_score', 'avg_lighting_severity', 'combined_weather_road_severity', 'fatality_rate', 'speeding_influence', 'weekend_crash_rate', 'pct_neo_patented_drivers')",10,0.13734333120727094
"('avg_age', 'avg_crash_severity_score', 'avg_lighting_severity', 'combined_weather_road_severity', 'fatality_rate', 'damage_cost_LB', 'pct_neo_patented_drivers')",10,0.13682794124745512
"('avg_age', 'avg_lighting_severity', 'combined_weather_road_severity', 'fatality_rate', 'speeding_influence', 'damage_cost_LB', 'pct_neo_patented_drivers')",10,0.13679325068024636
"('avg_age', 'avg_crash_severity_score', 'avg_lighting_severity', 'combined_weather_road_severity', 'fatality_rate', 'weekend_crash_rate', 'pct_neo_patented_drivers')",3,0.13661955351189226
"('avg_age', 'avg_crash_severity_score', 'avg_lighting_severity', 'fatality_rate', 'speeding_influence', 'damage_cost_LB', 'weekend_crash_rate')",10,0.1363106908696608
"('avg_age', 'avg_lighting_severity', 'combined_weather_road_severity', 'speeding_influence', 'damage_cost_LB', 'weekend_crash_rate', 'pct_neo_patented_drivers')",7,0.13616885605117052
"('avg_age', 'avg_crash_severity_score', 'combined_weather_road_severity', 'fatality_rate', 'speeding_influence', 'weekend_crash_rate', 'pct_neo_patented_drivers')",3,0.1361233923433327
"('avg_age', 'avg_crash_severity_score', 'avg_lighting_severity', 'combined_weather_road_severity', 'speeding_influence', 'damage_cost_LB', 'pct_neo_patented_drivers')",5,0.13596521112475768
"('avg_age', 'avg_crash_severity_score', 'avg_lighting_severity', 'combined_weather_road_severity', 'fatality_rate', 'damage_cost_LB', 'weekend_crash_rate')",4,0.13569336790526748
"('avg_age', 'avg_crash_severity_score', 'avg_lighting_severity', 'combined_weather_road_severity', 'fatality_rate', 'speeding_influence', 'pct_neo_patented_drivers')",3,0.13567182932468164
"('avg_age', 'avg_crash_severity_score', 'avg_lighting_severity', 'combined_weather_road_severity', 'damage_cost_LB', 'weekend_crash_rate', 'pct_neo_patented_drivers')",6,0.13549216218307808
"('avg_lighting_severity', 'combined_weather_road_severity', 'fatality_rate', 'speeding_influence', 'damage_cost_LB', 'weekend_crash_rate', 'pct_neo_patented_drivers')",10,0.13536885906588123
"('avg_age', 'avg_lighting_severity', 'combined_weather_road_severity', 'fatality_rate', 'damage_cost_LB', 'weekend_crash_rate', 'pct_neo_patented_drivers')",3,0.1352888864817597
"('avg_crash_severity_score', 'avg_lighting_severity', 'combined_weather_road_severity', 'speeding_influence', 'damage_cost_LB', 'weekend_crash_rate', 'pct_neo_patented_drivers')",7,0.13527217774919684
"('avg_crash_severity_score', 'avg_lighting_severity', 'combined_weather_road_severity', 'fatality_rate', 'speeding_influence', 'weekend_crash_rate', 'pct_neo_patented_drivers')",5,0.13519458851207886
"('avg_age', 'avg_lighting_severity', 'combined_weather_road_severity', 'fatality_rate', 'speeding_influence', 'damage_cost_LB', 'pct_neo_patented_drivers')",3,0.13517759892997674
"('avg_age', 'avg_crash_severity_score', 'avg_lighting_severity', 'combined_weather_road_severity', 'fatality_rate', 'damage_cost_LB', 'pct_neo_patented_drivers')",3,0.13503863499992177
"('avg_age', 'combined_weather_road_severity', 'fatality_rate', 'speeding_influence', 'damage_cost_LB', 'weekend_crash_rate', 'pct_neo_patented_drivers')",3,0.1349980232716414
"('avg_age', 'avg_crash_severity_score', 'avg_lighting_severity', 'combined_weather_road_severity', 'fatality_rate', 'weekend_crash_rate', 'pct_neo_patented_drivers')",8,0.13488348723339674
"('avg_age', 'avg_crash_severity_score', 'fatality_rate', 'speeding_influence', 'damage_cost_LB', 'weekend_crash_rate', 'pct_neo_patented_drivers')",3,0.1347194004261526
"('avg_crash_severity_score', 'avg_lighting_severity', 'combined_weather_road_severity', 'fatality_rate', 'damage_cost_LB', 'weekend_crash_rate', 'pct_neo_patented_drivers')",5,0.13455102152054968
"('avg_age', 'avg_crash_severity_score', 'combined_weather_road_severity', 'fatality_rate', 'speeding_influence', 'damage_cost_LB', 'weekend_crash_rate')",5,0.13436959792581077
"('avg_age', 'avg_crash_severity_score', 'avg_lighting_severity', 'fatality_rate', 'damage_cost_LB', 'weekend_crash_rate', 'pct_neo_patented_drivers')",3,0.13428015400200813
"('avg_age', 'avg_crash_severity_score', 'avg_lighting_severity', 'fatality_rate', 'speeding_influence', 'damage_cost_LB', 'pct_neo_patented_drivers')",3,0.13421426486654875
"('avg_age', 'avg_lighting_severity', 'combined_weather_road_severity', 'fatality_rate', 'damage_cost_LB', 'weekend_crash_rate', 'pct_neo_patented_drivers')",9,0.13418514925098401
"('avg_age', 'avg_lighting_severity', 'fatality_rate', 'speeding_influence', 'damage_cost_LB', 'weekend_crash_rate', 'pct_neo_patented_drivers')",3,0.13401700109388726
"('avg_age', 'avg_lighting_severity', 'combined_weather_road_severity', 'fatality_rate', 'speeding_influence', 'weekend_crash_rate', 'pct_neo_patented_drivers')",10,0.13396396944547428
"('avg_age', 'avg_crash_severity_score', 'avg_lighting_severity', 'combined_weather_road_severity', 'damage_cost_LB', 'weekend_crash_rate', 'pct_neo_patented_drivers')",5,0.13391775733915207
"('avg_age', 'avg_crash_severity_score', 'avg_lighting_severity', 'combined_weather_road_severity', 'speeding_influence', 'damage_cost_LB', 'weekend_crash_rate')",6,0.13363511433440037
"('avg_age', 'avg_crash_severity_score', 'avg_lighting_severity', 'combined_weather_road_severity', 'fatality_rate', 'speeding_influence', 'weekend_crash_rate')",9,0.13362061894528815
"('avg_crash_severity_score', 'avg_lighting_severity', 'combined_weather_road_severity', 'fatality_rate', 'damage_cost_LB', 'weekend_crash_rate', 'pct_neo_patented_drivers')",10,0.1335144529993522
"('avg_crash_severity_score', 'avg_lighting_severity', 'combined_weather_road_severity', 'speeding_influence', 'damage_cost_LB', 'weekend_crash_rate', 'pct_neo_patented_drivers')",8,0.13340456562903463
"('avg_crash_severity_score', 'combined_weather_road_severity', 'fatality_rate', 'speeding_influence', 'damage_cost_LB', 'weekend_crash_rate', 'pct_neo_patented_drivers')",3,0.1331371290347939
"('avg_age', 'avg_crash_severity_score', 'combined_weather_road_severity', 'fatality_rate', 'speeding_influence', 'damage_cost_LB', 'weekend_crash_rate')",4,0.13300832605243904
"('avg_age', 'avg_crash_severity_score', 'combined_weather_road_severity', 'fatality_rate', 'speeding_influence', 'weekend_crash_rate', 'pct_neo_patented_drivers')",10,0.13275799575772554
"('avg_age', 'avg_lighting_severity', 'combined_weather_road_severity', 'speeding_influence', 'damage_cost_LB', 'weekend_crash_rate', 'pct_neo_patented_drivers')",5,0.13265259639366875
"('avg_age', 'avg_crash_severity_score', 'avg_lighting_severity', 'fatality_rate', 'speeding_influence', 'weekend_crash_rate', 'pct_neo_patented_drivers')",8,0.13262861776480964
"('avg_age', 'avg_crash_severity_score', 'avg_lighting_severity', 'combined_weather_road_severity', 'fatality_rate', 'weekend_crash_rate', 'pct_neo_patented_drivers')",9,0.13254772304211077
"('avg_crash_severity_score', 'combined_weather_road_severity', 'fatality_rate', 'speeding_influence', 'damage_cost_LB', 'weekend_crash_rate', 'pct_neo_patented_drivers')",4,0.132506056760527
"('avg_age', 'avg_crash_severity_score', 'combined_weather_road_severity', 'speeding_influence', 'damage_cost_LB', 'weekend_crash_rate', 'pct_neo_patented_drivers')",8,0.1323586656417109
"('avg_age', 'avg_crash_severity_score', 'avg_lighting_severity', 'combined_weather_road_severity', 'fatality_rate', 'speeding_influence', 'weekend_crash_rate')",10,0.13234246629961602
"('avg_age', 'avg_lighting_severity', 'combined_weather_road_severity', 'fatality_rate', 'damage_cost_LB', 'weekend_crash_rate', 'pct_neo_patented_drivers')",10,0.13209210826233403
"('avg_age', 'combined_weather_road_severity', 'fatality_rate', 'speeding_influence', 'damage_cost_LB', 'weekend_crash_rate', 'pct_neo_patented_drivers')",2,0.1320695590104295
"('avg_age', 'avg_crash_severity_score', 'avg_lighting_severity', 'fatality_rate', 'speeding_influence', 'damage_cost_LB', 'pct_neo_patented_drivers')",10,0.13197985978621685
"('avg_age', 'avg_lighting_severity', 'combined_weather_road_severity', 'fatality_rate', 'speeding_influence', 'damage_cost_LB', 'weekend_crash_rate')",4,0.131927638064632
"('avg_age', 'avg_lighting_severity', 'combined_weather_road_severity', 'speeding_influence', 'damage_cost_LB', 'weekend_crash_rate', 'pct_neo_patented_drivers')",4,0.13180627713100332
"('avg_age', 'avg_crash_severity_score', 'combined_weather_road_severity', 'fatality_rate', 'damage_cost_LB', 'weekend_crash_rate', 'pct_neo_patented_drivers')",2,0.13177349875116912
"('avg_crash_severity_score', 'avg_lighting_severity', 'combined_weather_road_severity', 'fatality_rate', 'speeding_influence', 'damage_cost_LB', 'pct_neo_patented_drivers')",4,0.1314781429402043
"('avg_age', 'avg_crash_severity_score', 'avg_lighting_severity', 'combined_weather_road_severity', 'fatality_rate', 'speeding_influence', 'pct_neo_patented_drivers')",9,0.1313548204031368
"('avg_age', 'avg_crash_severity_score', 'avg_lighting_severity', 'combined_weather_road_severity', 'speeding_influence', 'damage_cost_LB', 'weekend_crash_rate')",7,0.13111337101812306
"('avg_age', 'avg_crash_severity_score', 'avg_lighting_severity', 'fatality_rate', 'speeding_influence', 'damage_cost_LB', 'weekend_crash_rate')",2,0.1310700200714138
"('avg_age', 'avg_crash_severity_score', 'avg_lighting_severity', 'combined_weather_road_severity', 'speeding_influence', 'weekend_crash_rate', 'pct_neo_patented_drivers')",5,0.1307198474084821
"('avg_age', 'avg_lighting_severity', 'combined_weather_road_severity', 'fatality_rate', 'speeding_influence', 'damage_cost_LB', 'weekend_crash_rate')",3,0.13067961740117512
"('avg_age', 'avg_crash_severity_score', 'avg_lighting_severity', 'combined_weather_road_severity', 'speeding_influence', 'damage_cost_LB', 'weekend_crash_rate')",8,0.13029105849472364
"('avg_crash_severity_score', 'avg_lighting_severity', 'combined_weather_road_severity', 'fatality_rate', 'damage_cost_LB', 'weekend_crash_rate', 'pct_neo_patented_drivers')",4,0.13012299506782787
"('avg_lighting_severity', 'combined_weather_road_severity', 'fatality_rate', 'speeding_influence', 'damage_cost_LB', 'weekend_crash_rate', 'pct_neo_patented_drivers')",4,0.1300165373705024
"('avg_age', 'avg_crash_severity_score', 'avg_lighting_severity', 'combined_weather_road_severity', 'speeding_influence', 'damage_cost_LB', 'weekend_crash_rate')",5,0.13000966731807262
"('avg_age', 'avg_crash_severity_score', 'fatality_rate', 'speeding_influence', 'damage_cost_LB', 'weekend_crash_rate', 'pct_neo_patented_drivers')",2,0.13000756186402154
"('avg_age', 'avg_crash_severity_score', 'avg_lighting_severity', 'combined_weather_road_severity', 'fatality_rate', 'speeding_influence', 'pct_neo_patented_drivers')",10,0.12970549234982284
"('avg_crash_severity_score', 'avg_lighting_severity', 'combined_weather_road_severity', 'speeding_influence', 'damage_cost_LB', 'weekend_crash_rate', 'pct_neo_patented_drivers')",5,0.12968293761694782
"('avg_age', 'avg_crash_severity_score', 'avg_lighting_severity', 'fatality_rate', 'speeding_influence', 'damage_cost_LB', 'pct_neo_patented_drivers')",2,0.1294932930531913
"('avg_crash_severity_score', 'avg_lighting_severity', 'combined_weather_road_severity', 'fatality_rate', 'damage_cost_LB', 'weekend_crash_rate', 'pct_neo_patented_drivers')",3,0.1294819851478002
"('avg_age', 'avg_crash_severity_score', 'avg_lighting_severity', 'speeding_influence', 'damage_cost_LB', 'weekend_crash_rate', 'pct_neo_patented_drivers')",7,0.12941338575556524
"('avg_age', 'avg_crash_severity_score', 'avg_lighting_severity', 'combined_weather_road_severity', 'speeding_influence', 'weekend_crash_rate', 'pct_neo_patented_drivers')",4,0.1290003397960361
"('avg_crash_severity_score', 'avg_lighting_severity', 'combined_weather_road_severity', 'speeding_influence', 'damage_cost_LB', 'weekend_crash_rate', 'pct_neo_patented_drivers')",9,0.12886357136108256
"('avg_age', 'avg_crash_severity_score', 'avg_lighting_severity', 'speeding_influence', 'damage_cost_LB', 'weekend_crash_rate', 'pct_neo_patented_drivers')",6,0.12871772535927528
"('avg_age', 'avg_lighting_severity', 'fatality_rate', 'speeding_influence', 'damage_cost_LB', 'weekend_crash_rate', 'pct_neo_patented_drivers')",2,0.1286508056444786
"('avg_age', 'avg_crash_severity_score', 'avg_lighting_severity', 'combined_weather_road_severity', 'speeding_influence', 'damage_cost_LB', 'pct_neo_patented_drivers')",8,0.12862049887735963
"('avg_age', 'avg_crash_severity_score', 'avg_lighting_severity', 'combined_weather_road_severity', 'speeding_influence', 'weekend_crash_rate', 'pct_neo_patented_drivers')",6,0.12854046412807626
"('avg_age', 'avg_crash_severity_score', 'avg_lighting_severity', 'fatality_rate', 'damage_cost_LB', 'weekend_crash_rate', 'pct_neo_patented_drivers')",2,0.12840988501599543
"('avg_age', 'avg_crash_severity_score', 'avg_lighting_severity', 'combined_weather_road_severity', 'speeding_influence', 'damage_cost_LB', 'weekend_crash_rate')",4,0.12828387205348815
"('avg_age', 'avg_crash_severity_score', 'avg_lighting_severity', 'fatality_rate', 'speeding_influence', 'damage_cost_LB', 'pct_neo_patented_drivers')",4,0.12811747594247672
"('avg_age', 'avg_crash_severity_score', 'avg_lighting_severity', 'combined_weather_road_severity', 'speeding_influence', 'damage_cost_LB', 'pct_neo_patented_drivers')",7,0.1277802755853089
"('avg_age', 'avg_lighting_severity', 'combined_weather_road_severity', 'speeding_influence', 'damage_cost_LB', 'weekend_crash_rate', 'pct_neo_patented_drivers')",8,0.12772904878100855
"('avg_age', 'avg_crash_severity_score', 'combined_weather_road_severity', 'speeding_influence', 'damage_cost_LB', 'weekend_crash_rate', 'pct_neo_patented_drivers')",5,0.12760611830660726
"('avg_age', 'avg_crash_severity_score', 'avg_lighting_severity', 'fatality_rate', 'speeding_influence', 'weekend_crash_rate', 'pct_neo_patented_drivers')",2,0.12759939472356233
"('avg_lighting_severity', 'combined_weather_road_severity', 'fatality_rate', 'speeding_influence', 'damage_cost_LB', 'weekend_crash_rate', 'pct_neo_patented_drivers')",3,0.1275544531936681
"('avg_age', 'avg_crash_severity_score', 'avg_lighting_severity', 'fatality_rate', 'speeding_influence', 'weekend_crash_rate', 'pct_neo_patented_drivers')",3,0.12737690780953245
"('avg_crash_severity_score', 'avg_lighting_severity', 'combined_weather_road_severity', 'fatality_rate', 'speeding_influence', 'damage_cost_LB', 'pct_neo_patented_drivers')",5,0.12726561840133452
"('avg_age', 'avg_crash_severity_score', 'avg_lighting_severity', 'fatality_rate', 'speeding_influence', 'weekend_crash_rate', 'pct_neo_patented_drivers')",9,0.12690756356274388
"('avg_age', 'avg_crash_severity_score', 'avg_lighting_severity', 'combined_weather_road_severity', 'damage_cost_LB', 'weekend_crash_rate', 'pct_neo_patented_drivers')",4,0.12690224474123582
"('avg_age', 'avg_crash_severity_score', 'combined_weather_road_severity', 'fatality_rate', 'speeding_influence', 'weekend_crash_rate', 'pct_neo_patented_drivers')",2,0.12688643063745927
"('avg_age', 'avg_crash_severity_score', 'combined_weather_road_severity', 'fatality_rate', 'speeding_influence', 'damage_cost_LB', 'weekend_crash_rate')",3,0.126710925019461
"('avg_age', 'avg_crash_severity_score', 'avg_lighting_severity', 'combined_weather_road_severity', 'speeding_influence', 'damage_cost_LB', 'pct_neo_patented_drivers')",9,0.12614557322839304
"('avg_age', 'avg_crash_severity_score', 'avg_lighting_severity', 'combined_weather_road_severity', 'speeding_influence', 'damage_cost_LB', 'pct_neo_patented_drivers')",4,0.12611731955224278
"('avg_age', 'avg_crash_severity_score', 'avg_lighting_severity', 'combined_weather_road_severity', 'speeding_influence', 'weekend_crash_rate', 'pct_neo_patented_drivers')",7,0.12589642472951845
"('avg_age', 'avg_crash_severity_score', 'avg_lighting_severity', 'combined_weather_road_severity', 'damage_cost_LB', 'weekend_crash_rate', 'pct_neo_patented_drivers')",7,0.12583268815504914
"('avg_age', 'avg_lighting_severity', 'combined_weather_road_severity', 'speeding_influence', 'damage_cost_LB', 'weekend_crash_rate', 'pct_neo_patented_drivers')",9,0.12498510697646352
"('avg_age', 'avg_crash_severity_score', 'avg_lighting_severity', 'combined_weather_road_severity', 'damage_cost_LB', 'weekend_crash_rate', 'pct_neo_patented_drivers')",8,0.124774858345402
"('avg_crash_severity_score', 'avg_lighting_severity', 'fatality_rate', 'speeding_influence', 'damage_cost_LB', 'weekend_crash_rate', 'pct_neo_patented_drivers')",4,0.12461774025563714
"('avg_age', 'avg_crash_severity_score', 'avg_lighting_severity', 'fatality_rate', 'speeding_influence', 'damage_cost_LB', 'weekend_crash_rate')",5,0.12454638233003776
"('avg_age', 'avg_crash_severity_score', 'avg_lighting_severity', 'fatality_rate', 'speeding_influence', 'weekend_crash_rate', 'pct_neo_patented_drivers')",4,0.12438134985965117
"('avg_crash_severity_score', 'avg_lighting_severity', 'combined_weather_road_severity', 'speeding_influence', 'damage_cost_LB', 'weekend_crash_rate', 'pct_neo_patented_drivers')",10,0.12428212233181213
"('avg_age', 'avg_crash_severity_score', 'combined_weather_road_severity', 'speeding_influence', 'damage_cost_LB', 'weekend_crash_rate', 'pct_neo_patented_drivers')",4,0.12426348359091677
"('avg_crash_severity_score', 'combined_weather_road_severity', 'fatality_rate', 'speeding_influence', 'damage_cost_LB', 'weekend_crash_rate', 'pct_neo_patented_drivers')",2,0.1241590108120026
"('avg_age', 'avg_crash_severity_score', 'avg_lighting_severity', 'combined_weather_road_severity', 'speeding_influence', 'damage_cost_LB', 'weekend_crash_rate')",3,0.1237807394109882
"('avg_age', 'avg_lighting_severity', 'fatality_rate', 'speeding_influence', 'damage_cost_LB', 'weekend_crash_rate', 'pct_neo_patented_drivers')",4,0.12349978462131302
"('avg_age', 'avg_lighting_severity', 'combined_weather_road_severity', 'speeding_influence', 'damage_cost_LB', 'weekend_crash_rate', 'pct_neo_patented_drivers')",3,0.12342871023508384
"('avg_age', 'avg_crash_severity_score', 'avg_lighting_severity', 'combined_weather_road_severity', 'damage_cost_LB', 'weekend_crash_rate', 'pct_neo_patented_drivers')",3,0.12339051541825719
"('avg_crash_severity_score', 'avg_lighting_severity', 'combined_weather_road_severity', 'speeding_influence', 'damage_cost_LB', 'weekend_crash_rate', 'pct_neo_patented_drivers')",6,0.12338336326018023
"('avg_age', 'avg_crash_severity_score', 'avg_lighting_severity', 'combined_weather_road_severity', 'speeding_influence', 'damage_cost_LB', 'pct_neo_patented_drivers')",3,0.12335769350056035
"('avg_age', 'avg_crash_severity_score', 'avg_lighting_severity', 'speeding_influence', 'damage_cost_LB', 'weekend_crash_rate', 'pct_neo_patented_drivers')",5,0.12335213546440461
"('avg_crash_severity_score', 'avg_lighting_severity', 'combined_weather_road_severity', 'speeding_influence', 'damage_cost_LB', 'weekend_crash_rate', 'pct_neo_patented_drivers')",4,0.12323747159936232
"('avg_crash_severity_score', 'avg_lighting_severity', 'fatality_rate', 'speeding_influence', 'damage_cost_LB', 'weekend_crash_rate', 'pct_neo_patented_drivers')",2,0.12303245044286426
"('avg_age', 'avg_crash_severity_score', 'avg_lighting_severity', 'combined_weather_road_severity', 'speeding_influence', 'weekend_crash_rate', 'pct_neo_patented_drivers')",3,0.1230238612697301
"('avg_age', 'avg_crash_severity_score', 'avg_lighting_severity', 'combined_weather_road_severity', 'fatality_rate', 'weekend_crash_rate', 'pct_neo_patented_drivers')",10,0.12291444328514077
"('avg_age', 'avg_crash_severity_score', 'avg_lighting_severity', 'speeding_influence', 'damage_cost_LB', 'weekend_crash_rate', 'pct_neo_patented_drivers')",8,0.12287466659807723
"('avg_age', 'avg_crash_severity_score', 'avg_lighting_severity', 'combined_weather_road_severity', 'speeding_influence', 'damage_cost_LB', 'weekend_crash_rate')",9,0.12276499167353695
"('avg_age', 'avg_crash_severity_score', 'avg_lighting_severity', 'fatality_rate', 'speeding_influence', 'weekend_crash_rate', 'pct_neo_patented_drivers')",10,0.1219253624481972
"('avg_age', 'avg_crash_severity_score', 'avg_lighting_severity', 'fatality_rate', 'speeding_influence', 'damage_cost_LB', 'weekend_crash_rate')",3,0.12179989776637835
"('avg_age', 'avg_crash_severity_score', 'avg_lighting_severity', 'fatality_rate', 'speeding_influence', 'damage_cost_LB', 'weekend_crash_rate')",4,0.12168098900198596
"('avg_age', 'avg_crash_severity_score', 'combined_weather_road_severity', 'speeding_influence', 'damage_cost_LB', 'weekend_crash_rate', 'pct_neo_patented_drivers')",2,0.1216744082107096
"('avg_crash_severity_score', 'avg_lighting_severity', 'fatality_rate', 'speeding_influence', 'damage_cost_LB', 'weekend_crash_rate', 'pct_neo_patented_drivers')",5,0.12123112180661404
"('avg_age', 'avg_crash_severity_score', 'avg_lighting_severity', 'speeding_influence', 'damage_cost_LB', 'weekend_crash_rate', 'pct_neo_patented_drivers')",4,0.12119289632798055
"('avg_age', 'avg_crash_severity_score', 'avg_lighting_severity', 'combined_weather_road_severity', 'damage_cost_LB', 'weekend_crash_rate', 'pct_neo_patented_drivers')",10,0.11977582956895531
"('avg_age', 'avg_crash_severity_score', 'avg_lighting_severity', 'combined_weather_road_severity', 'speeding_influence', 'damage_cost_LB', 'weekend_crash_rate')",10,0.11964033689901453
"('avg_age', 'avg_crash_severity_score', 'avg_lighting_severity', 'speeding_influence', 'damage_cost_LB', 'weekend_crash_rate', 'pct_neo_patented_drivers')",2,0.11908783157760083
"('avg_age', 'avg_crash_severity_score', 'avg_lighting_severity', 'combined_weather_road_severity', 'damage_cost_LB', 'weekend_crash_rate', 'pct_neo_patented_drivers')",9,0.11885061678473093
"('avg_age', 'avg_crash_severity_score', 'avg_lighting_severity', 'combined_weather_road_severity', 'speeding_influence', 'damage_cost_LB', 'pct_neo_patented_drivers')",10,0.11873449344772498
"('avg_age', 'avg_crash_severity_score', 'combined_weather_road_severity', 'speeding_influence', 'damage_cost_LB', 'weekend_crash_rate', 'pct_neo_patented_drivers')",3,0.11840798052144122
"('avg_age', 'avg_lighting_severity', 'combined_weather_road_severity', 'speeding_influence', 'damage_cost_LB', 'weekend_crash_rate', 'pct_neo_patented_drivers')",10,0.11825007089348076
"('avg_age', 'avg_crash_severity_score', 'avg_lighting_severity', 'speeding_influence', 'damage_cost_LB', 'weekend_crash_rate', 'pct_neo_patented_drivers')",3,0.11770172016811324
"('avg_age', 'avg_crash_severity_score', 'combined_weather_road_severity', 'speeding_influence', 'damage_cost_LB', 'weekend_crash_rate', 'pct_neo_patented_drivers')",10,0.11755718143285122
"('avg_crash_severity_score', 'avg_lighting_severity', 'combined_weather_road_severity', 'speeding_influence', 'damage_cost_LB', 'weekend_crash_rate', 'pct_neo_patented_drivers')",3,0.1175349747584538
"('avg_crash_severity_score', 'avg_lighting_severity', 'fatality_rate', 'speeding_influence', 'damage_cost_LB', 'weekend_crash_rate', 'pct_neo_patented_drivers')",3,0.11734964512878704
"('avg_age', 'avg_crash_severity_score', 'combined_weather_road_severity', 'fatality_rate', 'speeding_influence', 'damage_cost_LB', 'weekend_crash_rate')",2,0.11449307624102277
"('avg_age', 'avg_crash_severity_score', 'avg_lighting_severity', 'combined_weather_road_severity', 'speeding_influence', 'weekend_crash_rate', 'pct_neo_patented_drivers')",8,0.11399391689131767
"('avg_age', 'avg_crash_severity_score', 'avg_lighting_severity', 'speeding_influence', 'damage_cost_LB', 'weekend_crash_rate', 'pct_neo_patented_drivers')",9,0.11361203371193616
"('avg_age', 'avg_crash_severity_score', 'avg_lighting_severity', 'speeding_influence', 'damage_cost_LB', 'weekend_crash_rate', 'pct_neo_patented_drivers')",10,0.11260736427840118
"('avg_age', 'avg_crash_severity_score', 'combined_weather_road_severity', 'speeding_influence', 'damage_cost_LB', 'weekend_crash_rate', 'pct_neo_patented_drivers')",9,0.11121266942010709
"('avg_age', 'avg_crash_severity_score', 'avg_lighting_severity', 'combined_weather_road_severity', 'speeding_influence', 'weekend_crash_rate', 'pct_neo_patented_drivers')",9,0.10745464572004264
"('avg_age', 'avg_crash_severity_score', 'avg_lighting_severity', 'combined_weather_road_severity', 'speeding_influence', 'weekend_crash_rate', 'pct_neo_patented_drivers')",10,0.1027681346655922
